,2021_12,2022_01,2022_02,2022_03,2022_04,2022_05,2022_06,2022_07,2022_08,2022_10,2022_11,2022_12,2023_01,2023_02,2023_03,2023_04,2023_05,2023_06,2023_07,2023_08
LunaGalaxyBrain,941101,1020268,1092967,1173966,1255412,1323397,1397781,1470240,1553715,1585414,1639175,1693630,1766012,1829854,1900388,1963337,2019501,2072085,2139024,2232144
LunaaAA,281814,298774,310262,327946,337866,346262,360050,372210,384706,389647,397773,404765,414756,423567,435782,441246,445616,451221,459256,469567
FlareWheeze,260806,364674,437524,531238,624455,701569,788468,902454,1040540,1081628,1131687,1181165,1266057,1350220,1429329,1500693,1560268,1600294,1665596,1769621
AstelZoom,258208,281743,301465,326789,348812,365555,386313,405548,426645,434628,444459,456192,472781,486879,500008,510448,519628,527378,540612,556989
AyameDespair,250040,257145,263249,269407,276254,280583,285113,289790,294597,296218,298999,301564,304256,306567,309116,311471,313548,315779,318106,321147
PekoraLaugh,224649,228793,232109,237179,242951,246252,249563,253806,259154,260859,262852,264896,267890,270962,273768,275832,277935,280327,282026,283951
AyameCry,145273,152158,158654,165232,171935,176205,183020,199028,205322,207728,211828,214926,218174,221156,225790,228540,231057,234197,237964,243247
AyameCantHandleIt,132781,139727,147332,156772,163037,167852,174186,179903,183611,185177,187591,189615,191258,193954,196317,197620,199029,200263,202780,206106
GuraHNNG,115603,131653,143503,163880,176569,187527,205081,221289,234406,238600,245822,251930,260706,268872,283598,289763,295697,302014,314346,332127
AchanCheer,81477,82231,82778,83858,84264,84756,85577,86141,86968,87222,87532,87898,88211,88407,88871,89094,89388,89625,89761,90196
AyamePhone,75342,76926,78391,79711,81167,82424,83547,84515,85175,85368,85666,86020,86375,86729,87113,87475,87888,88113,88332,88550
MumeiNaruhodont,71978,86701,99849,113388,126532,135578,144496,152460,159975,162534,167020,171368,175521,179820,183751,187380,190441,193592,196868,201259
KanataPray,70962,74123,77130,80951,84260,87365,89759,91775,94117,94963,96248,97664,99101,100324,101574,102879,103958,105051,106233,107683
LunaAngry,70775,73409,75914,78685,81488,83928,86070,87709,89419,90006,91270,92367,93584,94739,96109,97201,98236,99279,100384,101865
AkiSweat,63342,65151,66785,68197,69809,70894,71930,72674,73502,73858,74369,74948,75497,75963,76513,77035,77459,77994,78509,78979
MioWtf,49368,50296,51018,51715,52607,53278,54031,54580,55339,55561,55799,56052,56418,56756,56970,57143,57290,57516,57753,58076
PekoraSalute,42162,43329,45003,45896,46996,47383,48031,50193,51474,52284,53034,53683,54514,55122,56216,56662,57005,57459,57978,59070
WatameAwake,40393,41434,42129,43204,43971,44707,45891,46396,47027,47184,47478,47836,48178,48489,48922,49152,49404,49795,50198,50488
ShionEh,38892,40105,41014,41690,42787,43460,44015,44305,44526,44622,44765,44937,45165,45334,45484,45614,45762,45894,46031,46136
YogiriThumbsUp,37333,39407,41024,42498,44381,46200,48205,49881,51990,52458,53487,54177,55002,55888,56779,57601,58461,59368,60159,60907
FubukiWorry,31550,32551,33168,33601,34081,34434,34769,35076,35413,35499,35700,35956,36226,36446,36673,36842,36978,37132,37266,37432
AyameLaugh,31245,32432,33590,34744,36573,37553,38275,38828,39537,39744,40025,40360,40653,40963,41351,41907,42337,42756,43380,43844
MarineAhoy,30159,30959,31643,32435,33401,34335,35032,35902,36475,36792,37155,37608,37955,38264,38695,39070,39319,39702,40172,40850
CocoThonk,28188,29290,30471,31826,33150,33993,34871,35559,36421,36800,37393,38105,38800,,,,,,,
MioYamero,26171,27091,27969,28997,29826,30487,31538,32541,33717,34092,34493,34989,35491,35922,36337,36666,36979,37233,37569,38082
MikoSweat,25499,26782,27829,28766,29839,30436,31122,31717,32421,32588,32816,33123,33442,33717,33972,34260,34490,35203,35476,35768
YagooCheer,22274,23115,24171,25192,25687,26174,26915,27426,28339,28576,28889,29339,29836,30230,30796,31028,31405,31584,31692,32231
TowaShrug,21968,22668,23212,23784,24557,25114,25608,25966,26411,26502,26675,26891,27104,27339,27598,27781,27949,28109,28311,28520
CalliDerp,21756,22360,23019,23768,24438,24849,25303,25795,26209,26363,26682,26980,27237,27538,27763,27995,28244,28542,28963,29274
WatameHuh,20634,21184,21763,22356,23007,23399,23875,24143,24397,24480,24627,24769,24928,25111,25270,25415,25545,25689,25909,26131
HaachamaStare,20458,21224,21945,22637,23414,24080,24800,25288,25574,25676,25848,26028,26244,26481,26643,26765,26931,27063,27269,27500
OkayuSad,20354,21017,21756,22405,23071,23573,24051,24442,24825,24940,25168,25393,25658,25909,26112,26359,26566,26845,27119,27502
KanataSad,19493,19983,20491,20968,21495,21890,22198,22529,22784,22866,23019,23219,23375,23591,23778,23951,24144,24372,24520,24693
RisuSmug,16529,17077,17508,18016,18401,18897,19616,20052,20582,20858,21168,21414,21630,21956,22399,22991,23687,24576,25640,27044
KoronePat,16046,17157,18476,19551,21142,22472,23312,24096,24648,24896,25254,25574,25953,26287,26619,26943,27249,27588,27965,28418
AnyaBored,16045,16460,17014,17477,18360,18908,19302,19593,19966,20099,20396,20717,21003,21330,21606,21814,22003,22281,22593,22994
KoroneYAAY,15535,15962,16534,17093,17608,17931,18316,18596,18842,19022,19323,19533,19843,20234,20522,20794,21048,21340,21567,21907
KoroneThink,15389,15923,16520,17176,17839,18312,18744,19131,19530,19655,19855,20034,20278,20521,20716,20864,21055,21308,21523,21815
HaatoNotLikeThis,14719,14976,15227,15484,15783,16055,16302,16542,16741,16848,17007,17209,17458,17727,17975,18143,18341,18533,18715,18917
AmeliaXtoDoubt,13880,14381,14819,15318,15775,16118,16394,16797,17301,17414,17605,17773,17940,18114,18265,18408,18498,18606,18751,18947
RushiaCry,12345,12603,13929,14457,14811,15041,15327,,,,,,,,,,,,,
WatameSmug,12278,12553,12773,13075,13346,13585,13844,14010,14163,14198,14267,14330,14406,14465,14564,14616,14667,14721,14787,14849
WatameShock,12266,12663,12883,13135,13391,13649,14033,14236,14439,14483,14579,14677,14851,14940,15016,15071,15124,15233,15286,15375
MikoCool,12231,12584,12809,13070,13278,13598,13855,14023,14257,14316,14440,14588,14671,14780,14893,15022,15124,15212,15311,15425
MioBonk,11522,11685,11938,12196,12428,12641,12890,13048,13218,13261,13344,13412,13485,13540,13620,13668,13703,13768,13845,13948
ShionExtraSmug,11271,11468,11647,11849,12036,12166,12303,12429,12502,12528,12563,12641,12723,12802,12904,12961,13011,13081,13151,13213
MioAwoo,10847,11386,11824,12574,13160,13824,14735,15282,15969,16285,16806,17499,18119,18558,19049,19507,19964,20313,20894,21440
MarineLick,10834,11159,11446,11740,11966,12159,12367,12520,12659,12712,12790,12876,12969,13042,13158,13256,13322,13419,13566,13761
KoroneSmug,10577,10857,11135,11419,11671,11844,11997,12131,12248,12296,12396,12492,12618,12724,12804,12893,12984,13083,13191,13282
MioCry,10428,10753,11066,11371,11672,11935,12203,12606,12856,12932,13090,13265,13488,13664,13830,13969,14115,14263,14405,14617
KoroneSleep,10186,10642,11131,11597,12134,12591,13022,13330,13582,13711,13916,14143,14378,14634,14905,15150,15397,15779,16055,16366
Inayaya,9992,10305,10529,10883,11140,11297,11522,11701,11856,11938,11997,12081,12193,12284,12343,12406,12482,12529,12600,12672
SuiseiF,9862,10390,11050,11756,12602,13133,13969,14440,14860,15054,15203,15362,15532,15821,15965,16127,16304,16469,16571,16831
FubukiSip,9793,10040,10287,10544,10954,11489,11797,11982,12158,12210,12356,12595,12739,12878,13024,13162,13305,13451,13618,13786
RobocoWoah,9746,10076,10342,10600,10827,11115,11427,11709,11957,12028,12139,12286,12422,12518,12682,12778,12874,12983,13067,13151
WatameDoneWithThis,9289,9531,9893,10130,10323,10498,10662,10763,10875,10914,10982,11021,11057,11102,11143,11182,11206,11251,11274,11306
SubaruApprob,9139,9524,9848,10234,10817,11239,11651,12014,12337,12477,12724,12995,13303,13507,13705,13861,13980,14125,14269,14436
AquaYell,9115,9552,9980,10588,11494,12044,12882,13318,13847,14031,14345,14687,14956,15226,15512,15670,15838,16144,16411,16740
Fubuking,8872,8978,9101,9231,9355,9551,9824,9963,10071,10125,10195,10260,10335,10372,10433,10503,10561,10613,10657,10720
RushiaBliss,8684,8872,9187,9302,9336,9379,9411,,,,,,,,,,,,,
BotanPeek,8589,8958,9172,9554,9856,10041,10282,10437,10702,10765,10929,11118,11282,11411,11577,11733,11904,12003,12136,12266
PolkaPanik,8446,8595,8744,8875,8980,9070,9196,9277,9469,9513,9579,9630,9674,9705,9740,9793,9820,9846,9889,9936
SubaruDuck,8322,8588,8791,9042,9374,9557,9693,9775,9878,9913,9971,10027,10092,10147,10232,10275,10314,10355,10395,10444
MelGun,8282,8594,8893,9209,9528,9774,9947,10121,10245,10292,10394,10495,10637,10727,10825,10911,10989,11076,11169,11274
MatsuriCheer,8106,8204,8308,8472,8630,8748,8845,8962,9080,9196,9259,9304,9367,9422,9518,9598,9649,9708,9763,9814
SuiseiWow,7988,8398,8705,9157,9626,9977,10320,10614,10796,10868,11003,11176,11414,11565,11750,11860,11970,12090,12187,12316
SuiseiDisgust,7861,8295,8597,8837,9173,9388,9574,9720,9876,9928,10030,10122,10219,10310,10396,10485,10561,10694,10801,10953
PolkaHonk,7694,7870,7987,8143,8271,8381,8481,8559,8761,8834,8888,8925,8978,9019,9065,9108,9146,9169,9204,9243
SuiseiKawaii,7608,8000,8298,8871,9174,9495,9813,10045,10276,10340,10496,10687,10933,11085,11297,11487,11622,11729,11834,11957
MiyabiSuzume,7544,7775,8219,8513,8688,8962,9240,9368,9495,9518,9579,9626,9713,9816,9950,10000,10035,10066,10144,10204
Yagoo,7432,7604,7729,7918,8097,8230,8394,8552,8679,8710,8749,8800,8846,8880,8990,9017,9058,9079,9144,9199
MarineCry,7403,7515,7768,7913,8062,8183,8337,8582,8732,8796,8887,8959,9032,9085,9171,9254,9319,9404,9505,9808
TowaCool,7016,7290,7536,7911,8380,8651,8985,9172,9336,9387,9486,9621,9742,9825,9945,10054,10190,10271,10392,10515
GuraHug,7005,7143,7346,7483,7887,8278,8466,8672,8723,8749,8828,8877,8910,8935,8961,8987,9003,9039,9070,9123
RushiaTantrum,6978,7090,7211,7277,7330,7379,7413,,,,,,,,,,,,,
PekoraCool,6953,7191,7374,7514,7680,7912,8092,8299,8534,8610,8675,8748,8870,8977,9066,9155,9256,9364,9451,9585
OkayuMogu,6796,7363,7925,8574,9230,9711,10169,10607,10983,11146,11450,11746,11995,12231,12508,12790,13014,13261,13449,13684
MoonaHeh,6765,6984,7234,7590,7891,8086,8293,8523,8838,8919,9045,9136,9297,9475,9680,9778,9881,9990,10089,10196
MikoScared,6641,6967,7300,7490,7696,7972,8243,8478,8793,8901,9034,9165,9264,9390,9521,9642,9762,9895,9999,10123
MioExtraWTF,6584,6825,6971,7067,7245,7375,7529,7662,7820,7877,7923,7945,8000,8054,8123,8200,8259,8351,8409,8484
SuiseiPsycho,6568,6740,6847,6991,7234,7440,7583,7729,8011,8085,8169,8238,8347,8418,8489,8561,8636,8704,8750,8826
MikoSmug,6552,6713,6877,7068,7294,7474,7629,7758,7883,7918,7964,8054,8173,8294,8399,8484,8616,8729,8888,9011
PekoraDed,6524,6656,6773,6955,7106,7240,7375,7539,7640,7696,7747,7835,7954,8041,8128,8195,8272,8450,8530,8652
OkayuWoke,6518,6805,7021,7198,7402,7592,7740,7887,8049,8086,8175,8252,8334,8431,8527,8662,8730,8816,8895,8976
MarineTired,6485,7173,7798,8469,9219,9827,10676,11268,12085,12375,12767,13113,13677,14116,14540,14897,15199,15549,16106,16914
LunaDespair,6462,6621,6828,6976,7124,7295,7483,7604,7771,7834,7896,7979,8098,8156,8212,8251,8303,8372,8453,8534
KroniiPolite,6141,7420,8717,10060,12053,13169,14161,14825,15479,15796,16773,17331,17991,18713,19474,20398,21051,21736,22557,23498
AyameDespairLoop,6033,6289,6544,6709,7015,7184,7351,7550,7710,7775,7915,8030,8127,8232,8339,8467,8548,8671,8816,8971
InaDerp,5696,5846,6038,6227,6602,6860,7124,7340,7494,7566,7722,7884,8055,8220,8423,8524,8635,8734,,
AquaNeee,5648,5753,5877,6005,6093,6155,6245,6314,6362,6392,6458,6538,6595,6659,6711,6757,6798,6867,6915,6982
FlareKinCheer,5576,5637,5695,5742,5788,5818,5837,5857,5874,5882,,,,,,,,,,
InaComfy,5479,5776,6250,6690,7547,8469,9173,9494,9817,9985,10312,10567,10791,11024,11335,11578,11800,12089,12392,12617
CocoAnonymous,5428,5553,5637,5745,,,,,,,,,,,,,,,,
SoraOK,5111,5286,5416,5617,5791,5925,6055,6133,6239,6274,6356,6446,6553,6638,6721,6809,6860,6913,6965,7016
WatameHeadbangFast,5079,5177,5231,5317,5373,5388,5427,5464,5486,5494,5501,5518,5527,5553,5590,5607,5612,5618,5632,5644
PolkaMock,5034,5182,5317,5512,5749,5960,6167,6277,6480,6545,6716,6819,6911,7014,7107,7207,7315,7389,7497,7643
FubzillaPat,5020,5863,6510,6807,7000,7342,7573,7786,7855,7881,8001,8097,8187,8266,8319,8380,8420,8450,8463,8503
NeneDoya,4923,5095,5279,5484,5617,5762,5885,5955,6091,6138,6203,6314,6436,6620,6832,6942,7070,7167,7265,7345
AkiSwolenthal,4903,5318,5497,5640,5969,6505,6629,6731,6814,6846,6902,6956,7112,7171,7342,7399,7490,7552,7623,7723
InaNod,4897,5270,5696,6018,6326,6764,7048,7262,7537,7599,7766,7860,7949,8045,8092,8150,8209,8243,8271,8322
NoelFlex,4876,5047,5139,5268,5511,5803,5987,6060,6154,6195,6243,6275,6341,6367,6424,6458,6498,6544,6599,6686
OllieShrug,4848,4978,5183,5311,5444,5578,5682,5798,5898,5939,5983,6069,6124,6182,6245,6303,6350,6435,6531,6638
TowaUwU,4742,4965,5212,5384,5546,5724,5898,6093,6321,6379,6531,6739,6944,7142,7313,7433,7566,7698,7838,7973
LunaAngrySip,4714,4851,4944,5104,5263,5456,5590,5682,5788,5826,5884,5957,6051,6116,6213,6263,6331,6393,6455,6514
TowaBlush,4606,4678,4782,4859,4953,5037,5115,5201,5256,5270,5297,5324,5345,5375,5415,5463,5503,5563,5636,5665
FlareFalling,4488,4569,4652,4724,4832,4972,5213,5314,5479,5522,5593,5665,5765,5839,5912,5981,6042,6097,6152,6216
IRyS,4378,4815,5262,5832,6265,6544,6976,7434,7766,7877,8050,8235,8378,8572,8731,8885,9053,9200,9380,9611
ShionPoint,4301,4421,4536,4640,4750,4873,4969,5028,5090,5107,5138,5171,5206,5255,5302,5341,5372,5497,5554,5592
AmeliaInspect,4203,4314,4449,71,400,603,884,1056,1224,1274,1338,1436,1528,1607,1756,1833,1946,2040,2146,2256
CocoExcited,4194,4396,4549,4670,,,,,,,,,,,,,,,,
LamySweat,4156,4282,4435,4559,4680,4816,5090,5199,5270,5314,5425,5593,5673,5713,5762,5796,5835,5892,5962,6025
AquaInspect,4148,4304,4482,4758,4979,5100,5210,5293,5354,5374,5416,5469,5517,5535,5584,5619,5655,5687,5724,5756
CocoYell,4115,4197,4261,4375,,,,,,,,,,,,,,,,
GuraChad,3987,4322,4745,5182,5772,6061,6443,6894,7284,7375,7509,7683,7832,8021,8251,8400,8562,8698,8888,9109
AquaSmile,3960,4076,4263,4379,4491,4561,4625,4678,4794,4841,4923,5012,5082,5135,5226,5276,5328,5414,5488,5598
SubaruSalute,3919,4371,4615,4788,5302,5465,5600,5680,5756,5786,5816,5860,5918,5979,6040,6110,6187,6251,6300,6441
PekoraTired,3907,4006,4128,4249,4432,4520,4614,4714,4809,4834,4916,4986,5068,5109,5149,5184,5248,5330,5397,5526
OkayuGrab,3897,4071,4247,4361,4520,4649,4718,4784,4853,4881,4929,4992,5051,5120,5208,5287,5374,5449,5528,5608
OkayuPeek,3872,4050,4247,4385,4532,4644,4725,4797,4861,4880,4928,4964,5003,5049,5116,5203,5232,5264,5303,5357
PolkaBliss,3825,4021,4191,4496,4797,5031,5252,5446,5876,5981,6108,6252,6432,6568,6741,6894,7051,7156,7325,7501
MatsuriSmug,3568,3695,3781,,,,,,,,,,,,,,,,,
RushiaPeek,3565,3683,3852,3912,4072,4221,4280,,,,,,,,,,,,,
FlareDrink,3543,3631,3878,3983,4089,4266,4343,4405,4497,4533,4611,4703,4790,4831,4896,4951,4987,5041,5102,5165
FubukiRave,3507,3583,3611,3672,3716,3756,3801,3828,3858,3866,3875,3884,3903,3904,3948,3957,3974,3997,4014,4035
AmeliaMegaphone,3382,3455,3525,3647,3692,3750,3782,3825,3870,3879,3897,3945,3990,4012,4040,4068,4099,4118,4194,4237
SubaruSad,3353,3482,3589,3702,4052,4187,4285,4364,4423,4443,4485,4509,4565,4585,4617,4641,4664,4705,4728,4752
FubukiGO,3298,3372,3476,3571,3730,3810,3893,3959,4045,4063,4113,4164,4243,4315,4396,4455,4506,4562,4638,4741
MatsuriBleed,3261,3325,3386,3453,3511,3554,3589,3637,3678,3698,3715,3734,3766,3797,3847,3881,3899,3924,3949,3976
FubukiCorn,3248,3307,3376,3431,3504,3559,3602,3687,3760,3794,3891,3917,3955,4008,4071,4119,4179,4227,4273,4313
FaunaTired,3224,3919,4582,5683,6756,7817,9029,10036,10829,11054,11522,12020,12651,13301,14020,14490,14984,15597,16299,17189
AkiXD,3172,3233,3414,3587,3696,3814,3929,4034,4082,4113,4169,4234,4304,4368,4433,4491,4599,4683,4784,4890
KiaraExcited,3167,3226,3289,3377,3470,3596,3702,3776,3844,3908,3994,4051,4094,4138,4172,4196,4228,4300,4370,4442
GuraFork,3160,3258,3359,3551,3693,3793,3971,4068,4188,4257,4341,4390,4435,4517,4614,4669,4748,4812,4895,4964
LamyDeadInside,3129,3260,3444,3613,3846,4167,4324,4534,4672,4716,4814,4915,5043,5148,5295,5400,5564,5742,5894,6029
AquaJamming,3124,3245,3344,3390,3455,3587,3715,3766,3810,3830,3876,3924,3976,4015,4084,4121,4156,4191,4230,4273
SoraSmile,3061,3173,3302,3463,3601,3745,3924,4082,4234,4315,4410,4477,4593,4654,4782,4909,5027,5096,5168,5283
HaatoMock,2967,3034,3085,3169,3257,3366,3464,3544,3608,3643,3702,3766,3830,3877,3916,3935,3958,3993,4020,4054
MatsuriPat,2884,3057,3212,3362,3489,3601,3753,3851,3903,3923,3949,3993,4056,4109,4149,4192,4214,4229,4247,4289
OllieOMZ,2797,2878,2967,3209,3317,3389,3465,3635,3724,3755,3805,3857,3941,4014,4096,4172,4256,4288,4376,4490
PekoraSmug,2758,2863,2989,3108,3219,3370,3450,3515,3585,3604,3637,3682,3749,3795,3834,3856,3881,3925,3967,4106
Towa,2748,2907,3024,3124,3249,3404,3538,3677,3812,3876,3969,4120,4301,4481,4591,4702,4832,4966,5132,5313
FlareIsNotAmused,2713,2824,2902,2953,3020,3072,3108,3154,3208,3218,3256,3294,3323,3354,3381,3397,3413,3437,3457,3479
InaHappy,2694,2781,2902,3079,3205,3282,3388,3475,3555,3565,3618,3668,3735,3808,3877,3915,3975,4017,4075,4137
KanataBlush,2680,2834,2966,3096,3251,3380,3475,3529,3593,3622,3661,3688,3733,3768,3822,3878,3916,3940,3980,4030
SanaPain,2625,2947,3216,3514,3690,3866,4056,4855,5229,5290,5424,5540,5702,5835,6012,6161,6325,6525,6641,6790
RushiaHappy,2614,2687,2827,2860,2896,2918,2939,,,,,,,,,,,,,
AquaDogeza,2512,2626,2801,2926,3016,3081,3125,3168,3210,3228,3282,3320,3367,3402,3446,3488,3518,3559,3590,3639
LamyYell,2443,2633,2785,2890,2997,3088,3172,3215,3304,3349,3437,3517,3558,3623,3684,3715,3754,3789,3873,3916
InaPeek,2436,2495,2561,2651,2773,2835,2943,2998,3065,3094,3153,3196,3243,3272,3300,3314,3343,3358,3382,3415
Neneeeee,2375,2440,2470,2522,2548,2595,2619,2639,2662,2666,2704,2718,2736,2760,2781,2805,2823,2836,2854,2862
AmeliaFakeSmile,2322,2377,2447,2527,2572,2662,2772,2820,2884,2901,2937,2969,2995,3034,3063,3086,3097,3122,3156,3185
InaTako,2296,2446,2560,2648,2766,2877,2942,3014,3074,3091,3094,3100,3207,3252,3284,3356,3397,3421,3463,3504
RobocoFullPower,2245,2308,2338,2364,2393,2427,2453,2476,2518,2526,2552,2573,2610,2628,2650,2681,2711,2749,2785,2817
LamyBlush,2239,2318,2387,2472,2546,2604,2664,2710,2802,2845,2906,2967,3015,3069,3122,3146,3181,3210,3254,3289
CalliTrashy,2186,2221,2272,2292,2326,2345,2377,2401,2424,2433,2448,2487,2501,2528,2540,2547,2556,2573,2588,2601
AkiSalute,2177,2275,2397,2477,2595,2657,2715,2773,2845,2868,2913,2955,3004,3065,3141,3213,3274,3328,3389,3458
AZKiXD,2169,2228,2296,2376,2419,2495,2553,2570,2598,2607,2638,2668,2689,2713,2765,2791,2821,2851,2876,2930
IzuruSip,2150,2210,2272,2350,2614,2864,3046,3126,3215,3258,3332,3413,3493,3575,3710,3835,3961,4082,4226,4311
ShionNeee,2140,2162,2184,2245,2279,2310,2359,2372,2389,2395,2407,2428,2440,2475,2498,2519,2536,2548,2559,2572
AnyaLove,2134,2294,2572,3050,3230,3447,3684,3966,4213,4314,4427,4534,4633,4757,4971,5132,5199,5327,5549,5834
KoroneBonk,2103,2130,2159,2183,2216,2243,2262,2278,2290,2292,2299,2308,2322,2328,2341,2345,2353,2362,2368,2373
Ameliacheer,2079,2108,2146,2173,2198,2238,2266,2298,2348,2354,2372,2400,2421,2430,2443,2458,2471,2483,2493,2507
AnyaShock,1963,2053,2137,2203,2314,2395,2464,2545,2650,2702,2748,2798,2828,2865,2923,2972,3008,3070,3142,3229
IofiWink,1962,2041,2110,2246,2333,2397,2458,2533,2595,2610,2634,2664,2706,2737,2773,2789,2809,2840,2877,2924
RisuStretch,1954,2196,2392,2549,2747,2989,3253,3336,3415,3441,3472,3499,3530,3550,3571,3582,3601,3607,3627,3663
KanataShock,1949,2003,2042,2077,2132,2222,2296,2320,2362,2372,2391,2419,2454,2485,2523,2558,2597,2619,2640,2655
HaatoIntensifies,1948,1957,1965,1981,1992,2008,2012,2032,2044,2048,2062,2080,2097,2105,2115,2127,2137,2151,2166,2171
ReineKawaiiKoto,1939,2031,2124,2243,2324,2389,2471,2567,2664,2683,2733,2774,2818,2848,2883,2909,2927,2954,3007,3062
BotanAngry,1933,2018,2098,2171,2266,2342,2411,2452,2518,2540,2584,2612,2647,2687,2723,2760,2796,2836,2867,2900
AkiNotLikeThis,1932,2014,2103,2234,2347,2440,2508,2582,2673,2745,2818,2874,2935,2993,3068,3118,3167,3233,3311,3390
FubukiSTOP,1932,1987,2056,2091,2150,2183,2222,2256,2292,2308,2336,2354,2367,2403,2430,2448,2468,2489,2512,2541
FubukiCheer,1906,1937,1948,1959,1971,1976,1993,2000,2009,2012,2020,2030,2033,2039,2051,2060,2064,2072,2074,2076
NeneSmart,1892,1934,1972,2008,2043,2073,2099,2125,2152,2161,2182,2213,2250,2267,2308,2369,2406,2421,2443,2467
SubaruHuh,1887,1957,2015,2116,2296,2531,2600,2713,2775,2790,2810,2833,2871,2912,2958,2977,3004,3050,3080,3110
FubukiShake,1885,1947,1990,2041,2075,2118,2169,2196,2260,2276,2307,2338,2358,2379,2393,2415,2422,2446,2466,2497
NoelJoy,1868,1975,2069,2230,2448,2583,2707,2814,2941,2979,3040,3097,3157,3196,3270,3316,3383,3427,3511,3623
AZKiWhat,1862,1946,2033,2115,2229,2310,2406,2495,2641,2689,2763,2846,2937,3013,3093,3175,3243,3311,3372,3448
SubaruWut,1861,1913,1961,2002,2370,2560,2604,2658,2720,2728,2741,2767,2791,2802,2820,2833,2851,2874,2889,2908
LaplusDumb,1837,2615,3119,3791,4795,5442,6002,6512,6944,7106,7385,7604,7835,8063,8435,8829,9070,9304,9635,9969
InaYandere,1830,1862,1913,1963,2037,2088,2158,2215,2245,2255,2270,2294,2326,2351,2375,2386,2398,2411,2440,2542
MatsuriPeek,1817,1859,1907,1969,2034,2109,2158,2210,2271,2290,2315,2349,2387,2415,2449,2473,2494,2515,2554,2582
AmeliaConcoction,1782,1811,1849,1881,1911,1939,1963,2016,2039,2047,2061,2075,2098,2128,2188,2202,2224,2234,2256,2273
WatameHeadbang,1781,1817,1858,1868,1879,1886,1891,1894,1900,1903,1910,1920,1932,1954,1971,1977,1979,1992,2001,2006
TowaShh,1754,1810,1850,1891,1925,1956,1993,2010,2028,2035,2051,2064,2081,2100,2123,2139,2147,2158,2167,2177
GuraEW,1750,1922,2011,2134,2252,2354,2433,2512,2590,2619,2673,2738,2779,2822,2870,2905,2931,2959,2991,3045
GuraXD,1716,1741,1780,1842,1885,1920,2009,2062,2109,2124,2143,2155,2179,2210,2232,2250,2277,2294,2322,2334
CocoKeikakuNOTEKeikakuMeansPlan,1707,1786,1847,1942,,,,,,,,,,,,,,,,
KanataHei,1671,1725,1773,1815,1900,1961,2041,2059,2170,2202,2240,2303,2403,2526,2603,2659,2709,2732,2759,2797
ChocoTehe,1669,1784,1916,2084,2168,2289,2383,2475,2559,2594,2645,2709,2767,2876,2935,2977,3031,3090,3164,3213
FlareGStep,1655,1754,1837,1892,1980,2055,2123,2169,2241,2268,2302,2350,2390,2420,2461,2485,2515,2546,2583,2614
OkaKoroKiss,1642,1663,1718,1782,1828,1877,1907,1938,1960,1966,1974,1993,2013,2060,2070,2100,2105,2117,2131,2154
ShionSmile,1623,1682,1740,1807,1833,1851,1871,1897,1906,1908,1921,1930,1945,1956,1961,1964,1973,1985,2007,2028
MelKapu,1623,1692,1779,1901,1995,2070,2148,2203,2247,2301,2332,2357,2408,2486,2540,2578,2611,2639,2664,2693
NoeFure,1597,1629,1665,1682,1703,1721,1740,1751,1790,1798,1812,1819,1850,1854,1863,1866,1873,1875,1884,1887
NeneJam,1550,1604,1664,1692,1728,1746,1764,1777,1793,1796,1804,1814,1824,1836,1852,1864,1875,1882,1884,1895
aHaatoNotLikeThis,1548,1566,1592,1615,1641,1662,1703,1726,1752,1760,1778,1787,1803,1817,1835,1858,1891,1915,1936,1947
KiaraFriedChicken,1541,1569,1598,1615,1650,1685,1721,1739,1763,1772,1785,1804,1816,1840,1866,1873,1895,1912,1943,1967
MelPien,1478,1518,1572,1601,1635,1683,1728,1776,1839,1858,1878,1889,1904,1941,1959,1982,2021,2041,2065,2097
TakoJAM,1461,1480,1496,1520,1544,1557,1578,1593,1601,1607,1612,1616,1625,1630,1639,1645,1657,1662,1667,1679
SoraScary,1380,1449,1517,1592,1654,1696,1748,1804,1836,1853,1874,1889,1914,1944,1984,2020,2046,2064,2088,2116
WatameNod,1367,1405,1447,1489,1523,1537,1557,1570,1578,1581,1585,1588,1597,1600,1605,1608,1612,1613,1619,1619
ShienPat,1367,1428,1475,1517,1557,1590,1605,1638,1667,1683,1709,1732,1772,1808,1848,1877,1890,1899,1907,1913
LamyEhehe,1351,1396,1449,1498,1546,1583,1634,1658,1699,1713,1749,1778,1805,1854,1892,1922,1941,1956,1987,2013
GuraA,1346,1396,1439,1471,1503,1528,1575,1599,1623,1640,1653,1667,1678,1692,1706,1719,1730,1753,1777,1793
CocoOkiteFast,1334,1352,1365,1373,1379,1389,1392,1395,1405,1407,1414,1415,1417,1421,1430,1431,1435,1436,1440,1446
NeneJudge,1308,1366,1410,1450,1484,1543,1611,1672,1724,1746,1802,1852,1904,1922,1961,1991,2020,2037,2063,2080
CalliHappy,1277,1305,1372,1421,1457,1491,1538,1576,1614,1625,1655,1690,1727,1750,1778,1806,1834,1864,1901,1948
WatameWobble,1274,1301,1344,1403,1437,1467,1486,1496,1508,1508,1514,1521,1526,1527,1535,1536,1538,1543,1545,1547
InaDrool,1262,1345,1407,1477,1554,1656,1746,1815,1886,1920,2015,2098,2166,2214,2286,2318,2354,2396,2470,2530
PolkaWave,1262,1340,1382,1415,1462,1510,1558,1590,1624,1637,1653,1675,1682,1695,1710,1723,1737,1740,1746,1754
ShionStare,1238,1277,1378,1449,1503,1565,1634,1672,1700,1705,1732,1746,1762,1780,1802,1833,1875,1932,1968,1988
SoraShock,1229,1255,1275,1302,1339,1358,1385,1413,1437,1445,1457,1467,1477,1494,1506,1522,1530,1537,1550,1563
KiaraCool,1224,1262,1318,1362,1407,1447,1509,1547,1567,1574,1587,1599,1624,1641,1656,1669,1681,1702,,
AstelCool,1184,1248,1312,1411,1618,1707,1752,1816,1892,1905,1931,1952,1985,2006,2042,2109,2138,2166,2190,2216
GuraJam,1181,1198,1206,1228,1245,1268,1281,1290,1303,1315,1328,1346,1351,1352,1359,1371,1371,1375,1388,1395
TakoDance,1163,1190,1210,1235,1256,1276,1327,1340,1358,1367,1376,1382,1401,1412,1425,1432,1443,1452,1458,1461
AquaScream,1159,1176,1189,1213,1228,1245,1272,1295,1302,1308,1319,1335,1359,1377,1390,1400,1414,1424,1433,1444
CalliPout,1099,1139,1185,1236,1288,1317,1346,1376,1400,1408,1429,1441,1461,1494,1522,1545,1561,1591,1616,1639
MarineSexy,1088,1133,1180,1208,1234,1254,1281,1318,1342,1352,1373,1391,1410,1427,1464,1485,1506,1516,1525,1549
OkayuTambourine,1063,1075,1086,1098,1110,1124,1131,1140,1145,1148,1151,1152,1155,1163,1163,1168,1168,1175,1178,1179
WatameShake,1060,1076,1095,1110,1129,1154,1174,1201,1223,1228,1230,1245,1257,1265,1283,1296,1310,1337,1358,1380
SoraYandere,1055,1168,1203,1248,1291,1313,1363,1403,1440,1452,1478,1494,1518,1529,1555,1591,1618,1635,1643,1657
MelYabai,1051,1080,1110,1173,1204,1240,1296,1340,1373,1394,1411,1432,1468,1488,1511,1540,1567,1580,1603,1631
CocoPanic,1038,1059,1082,1116,1136,1164,1187,1193,1209,1213,1221,1229,1239,1247,1256,1263,1269,1276,1291,1297
ChocoShock,1036,1137,1233,1358,1442,1563,1631,1698,1782,1809,1861,1913,1977,2019,2059,2123,2190,2248,2331,2393
MioShakeFast,1015,1035,1053,1057,1062,1070,1077,1119,1130,1134,1135,1141,1143,1146,1150,1150,1153,1154,1161,1165
TemmaOhNo,1008,1051,1106,1175,1213,1261,1276,1290,1306,1306,1310,1317,1322,1327,1332,1335,1346,1354,1360,1367
MikoWink,1007,1084,1160,1301,1388,1484,1560,1652,1770,1809,1878,1937,1993,2114,2229,2293,2363,2436,2533,2592
SubaruDuckDance,1002,1023,1081,1119,1149,1197,1241,1276,1295,1303,1325,1344,1369,1409,1433,1447,1461,1470,1483,1503
LamyThirsty,991,1037,1076,1106,1158,1196,1251,1267,1306,1314,1344,1375,1390,1419,1449,1470,1501,1518,1539,1570
FubukiDance,963,975,993,1002,1021,1033,1041,1056,1065,1072,1086,1101,1107,1113,1121,1130,1135,1142,1152,1167
NotLikeIofi,952,1036,1142,1191,1240,1289,1335,1374,1401,1422,1482,1513,1547,1592,1626,1651,1666,1692,1738,1787
KoyoriWoah,933,1420,1790,2278,2800,3452,,,,,,,,,,,,,,
RoberuEh,910,938,982,1025,1068,1095,1137,1163,1185,1188,1194,1204,1238,1250,1265,1285,1307,1338,1359,1386
FlareOhNo,883,908,942,966,994,1005,1035,1058,1073,1077,1093,1114,1140,1166,1191,1213,1225,1241,1256,1279
NoelShock,879,906,942,57,123,147,176,201,239,245,253,264,278,294,302,307,328,338,,
CiviaPeek,858,876,897,922,943,965,981,996,1014,1019,1033,1072,1106,1135,1152,1180,1202,1227,1259,1290
RobocoCute,848,901,937,992,1025,1074,1108,1129,1198,1221,1259,1308,1355,1384,1426,1451,1496,1527,1545,1575
KoronePetting,843,891,928,948,968,984,996,1013,1019,1026,1034,1037,1040,1041,1042,1044,1054,1060,1062,1066
NeneCop,836,856,879,907,935,948,955,964,972,977,979,990,996,1009,1017,1026,1035,1039,1044,1050
HaatoHumph,835,865,909,952,992,1032,1065,1093,1112,1129,1150,1166,1176,1186,1202,1222,1233,1239,1251,1275
KoroneNom,831,906,953,976,997,1022,1078,1104,1128,1137,1169,1183,1206,1221,1243,1263,1280,1317,1345,1368
ChocoYada,808,941,1012,1077,1117,1190,11,50,97,108,123,148,186,213,230,248,267,295,324,340
TowaRun,807,844,,965,1023,1104,1173,1238,1287,1313,1380,1448,1516,1571,1624,1675,1717,1763,1812,1886
LaplusYamada,793,978,1124,1291,1445,1519,1584,1635,1684,1703,1737,1756,1776,1793,1821,1847,1871,1884,1905,1928
BaelzMugSmug,790,975,1150,1317,1474,1645,1875,2132,2243,2326,2443,2517,2616,2762,2867,2936,3014,3075,3157,3250
MelShh,784,826,842,868,896,923,960,980,993,1006,1024,1039,1050,1062,1092,1112,1134,1142,1160,1173
BaelzAra,775,897,,1255,1454,1552,1705,1821,1934,1965,2019,2115,2222,2320,2395,2460,2520,2586,2657,2739
InaBonk,769,780,800,809,824,832,841,849,852,853,858,863,864,869,869,871,877,884,890,899
CalliDrunk,755,775,800,836,868,881,907,921,941,948,,,,,,,,,,
HaatoVibrateFast,749,776,801,820,828,837,852,867,870,871,883,891,894,897,908,913,920,924,933,940
CalliClassy,748,773,821,847,873,894,931,958,980,985,,,,,,,,,,
MioWink,726,742,761,795,824,849,865,887,903,908,918,953,975,1015,1021,1032,1045,1058,1068,1089
BotanChinRub,715,740,763,797,822,840,859,905,932,939,953,981,1002,1014,1031,1054,1059,1085,1105,1130
WatameBuffer,700,709,713,716,725,738,746,748,750,753,755,756,760,764,770,770,773,775,778,778
OkayuSpinFast,689,714,734,748,763,792,805,816,831,833,844,845,846,855,864,874,876,878,879,885
NoelAra,679,712,,756,783,806,843,862,876,878,886,891,902,912,928,947,958,972,,
RobocoLikes,672,678,686,695,703,714,717,722,724,728,730,738,742,748,749,749,751,752,,
CocoMoney,647,662,683,691,705,712,729,742,751,755,761,765,773,780,790,803,810,822,840,857
aKoronePat,644,676,694,702,721,736,746,756,763,765,771,779,786,789,793,799,800,803,808,811
ArtiaThumbsUp,634,682,729,760,796,825,871,953,968,978,1003,1011,1017,1035,1057,1064,1080,1091,1095,1117
RoberuNod,628,645,667,678,686,692,706,722,732,734,742,749,765,770,773,785,797,802,817,818
IofiSniff,620,671,709,761,800,844,879,903,956,976,1017,1044,1085,1124,1162,1188,1212,1226,1256,1294
ChocoSad,616,645,685,720,745,775,802,849,878,890,911,930,947,968,978,994,1003,1017,,
Achan,593,630,,723,751,817,872,908,934,941,961,976,1013,1046,1074,1102,1114,1138,1159,1194
Chuu,576,612,632,646,659,665,691,703,708,710,713,718,724,727,728,734,735,738,739,739
RikkaBuffer,574,604,658,718,758,816,841,867,881,897,908,923,938,947,960,980,984,1013,1028,1037
ChloeAngy,571,677,777,897,1024,1125,1231,1291,1347,1374,1434,1525,1582,1614,1668,1721,1780,1853,1938,1987
GuraSpin,560,589,596,603,609,621,627,655,663,665,671,680,681,707,715,730,769,791,822,839
PokobeeClap,557,1277,1714,1998,2496,2794,3093,3266,3492,3648,3850,4029,4186,4357,4548,4663,4753,4884,4990,5110
KoroneFukireta,554,558,,568,576,582,586,591,597,599,601,602,604,608,610,611,611,616,619,623
AruranCiao,547,588,610,646,677,707,722,736,750,755,774,796,808,814,829,838,847,853,864,868
AquaDrive,538,570,584,599,607,621,640,651,657,662,676,693,703,717,726,732,738,747,755,770
RisuSurprise,531,549,565,591,604,634,663,679,689,696,703,708,718,723,732,745,746,749,755,761
TowaPat,515,530,543,549,594,614,628,648,660,662,666,676,695,701,702,706,710,711,714,716
HaatoSpinFaster,505,511,516,523,527,533,541,546,549,550,550,555,556,557,557,559,560,561,567,570
OkayuPeeking,502,521,539,551,567,605,609,618,623,625,627,631,634,638,642,648,653,656,659,664
FoobWinning,497,906,1241,1620,1943,2259,2596,2928,3370,3573,41,562,942,1141,1408,1722,2067,2314,2463,2651
CocoFukireta,494,497,,506,509,518,524,524,527,529,530,532,533,536,540,541,542,544,550,550
FubukiPartyBird,494,512,520,521,527,530,535,541,544,545,547,549,553,555,559,560,564,570,574,575
YagooRolling,492,499,510,516,517,523,530,537,541,543,543,545,551,551,559,559,560,563,567,569
RushiaPhone,489,508,529,539,553,565,575,577,588,592,595,599,602,604,606,607,609,611,613,615
OkayuFukireta,473,483,493,501,504,512,515,521,529,531,534,540,543,544,546,551,552,555,555,560
OgaMSPaint,461,487,514,543,556,568,594,608,621,631,632,640,656,659,673,683,686,694,701,706
WatameFukireta,446,454,463,480,500,516,520,525,525,527,528,530,532,532,537,538,539,540,542,543
GuraHype,444,480,524,566,610,641,682,709,761,786,817,839,850,873,900,912,925,947,968,993
KroniiYukkuri,442,548,641,743,1089,1242,1318,1374,1413,1436,1466,1495,1526,1548,1570,1588,1618,1653,1673,1699
LamyTantrum,430,455,492,514,539,577,606,615,640,651,688,720,737,765,795,819,846,857,878,885
AquaBounce,424,439,458,469,476,486,495,524,534,537,543,548,566,581,603,611,615,624,630,636
WatameHornDrill,420,428,435,442,505,518,541,549,572,572,577,578,579,581,583,586,588,588,592,596
CocoOkite,419,432,442,452,458,461,466,468,470,470,476,478,479,481,483,483,486,486,487,490
SubaruFukireta,418,423,426,431,436,443,451,452,459,461,471,473,476,479,480,482,483,484,484,488
LuiDance,416,544,619,706,796,875,984,1022,1060,1087,1134,1156,1171,1175,1185,1208,1213,1226,1234,1243
RushiaMad,413,419,434,438,439,447,449,453,459,460,460,462,462,464,465,468,470,470,472,472
WatameScream,409,423,461,471,482,491,500,508,515,516,520,524,530,535,540,547,550,557,567,568
OkayuSway,406,413,419,420,425,429,432,438,445,447,449,450,450,451,453,454,454,456,458,458
AquaRoll,400,404,405,408,409,415,437,437,441,445,449,452,454,455,455,457,457,460,463,465
SuiseiTSpin,398,412,430,437,455,486,491,503,506,507,512,518,519,523,530,553,559,561,562,562
KanataFukireta,398,409,416,421,423,435,440,442,443,446,448,454,461,462,465,468,471,472,475,479
Hololive,395,426,454,523,568,596,615,687,708,719,742,787,822,839,878,903,923,938,972,1001
TowaHeadbang,394,409,421,430,460,465,468,470,480,483,487,498,503,512,518,521,522,527,530,533
EnmaCouldYouNot,394,399,,429,437,459,466,473,479,480,485,506,517,526,533,538,538,544,,
AquaRunFast,390,406,412,423,443,455,471,480,494,495,500,506,510,520,525,526,530,533,540,546
TowaFukireta,389,399,409,414,420,430,436,443,444,446,448,452,455,456,460,463,463,467,467,468
AquaRun,388,414,434,481,521,561,586,621,634,639,643,649,654,663,666,673,677,698,711,725
AquaNyan,387,397,405,407,415,416,422,429,434,435,438,438,440,442,442,446,447,447,451,453
Oga,383,406,437,469,485,505,521,,,,,,,,,,,,,
MioFukireta,372,374,377,380,381,387,389,390,393,394,398,399,402,403,403,405,406,407,408,408
SuiseiFukireta,367,397,406,421,429,440,453,465,467,472,478,487,499,499,504,505,506,516,517,518
AquaPat,365,388,397,418,428,432,440,449,455,455,460,464,466,469,472,472,475,482,483,485
PekoraDanceR,364,374,378,384,395,395,399,402,404,407,410,413,415,417,417,419,420,422,423,424
CocoShoot,359,387,403,433,444,450,460,469,472,479,484,487,494,498,499,499,506,508,510,511
ChloeBlush,356,500,724,947,1227,1478,1687,1795,1885,1943,2084,2203,2335,2496,2623,2713,2818,2880,2977,3074
TakoChristmas,351,356,370,377,381,385,387,387,388,388,390,398,398,400,400,401,401,403,403,405
RushiaFukireta,346,355,378,381,382,385,388,390,394,395,397,400,402,402,403,405,405,408,409,412
GuraRhythm,345,359,389,403,438,458,479,491,497,502,508,513,518,524,533,539,540,544,545,548
WatameKachi,341,392,408,422,430,444,457,468,475,475,478,481,481,482,483,483,484,486,488,488
MoonaFukireta,334,343,363,388,407,420,425,428,434,438,444,446,449,456,459,462,464,470,474,480
IofiPanic,326,333,338,345,350,356,376,387,393,399,402,404,412,415,420,425,430,439,443,457
AyameLava,324,332,337,343,344,352,359,365,368,369,377,378,384,386,389,394,401,405,409,413
GuraSing,315,337,349,366,378,391,421,445,459,462,464,470,475,478,481,482,482,485,491,492
PekoraDanceL,313,322,326,329,340,342,347,347,351,352,354,354,358,361,363,363,365,369,369,373
MoonaSway,312,314,324,331,342,348,352,356,363,365,378,379,382,391,396,402,407,408,409,411
AZKiGrin,310,331,346,372,402,430,458,471,485,493,514,545,566,581,605,624,644,663,,
AquaFukireta,310,324,333,335,337,344,349,351,358,359,361,365,368,368,373,374,374,377,379,381
MarineLove,305,309,313,318,328,337,345,355,361,364,366,370,376,379,381,383,384,386,387,393
WatameRunDODODO,301,312,313,339,348,354,365,373,376,377,379,381,383,385,387,389,389,390,390,393
MiyabiCool,299,305,325,348,369,392,416,429,441,442,447,455,463,474,485,491,498,513,529,540
WatameChips,298,307,314,325,339,347,358,363,372,375,382,385,393,399,401,402,403,405,407,413
LunaFukireta,293,298,305,310,314,321,327,330,332,334,336,340,342,343,344,346,347,349,351,352
PoyoyoMlemNotActuallyPoyoyo,290,393,474,600,693,825,895,991,1099,1195,1332,1475,1568,1646,1758,1831,1893,1980,2128,2211
MioBeam,289,298,303,310,318,327,336,340,343,344,345,351,353,353,358,360,363,365,368,370
PekoraFukireta,284,286,288,294,295,299,301,301,308,310,313,315,317,317,321,322,323,328,330,336
JailedTakoWantsToLeaveButCant,283,299,328,341,362,371,392,405,414,420,440,456,472,510,530,550,560,568,579,598
AZKiBean,280,287,305,315,324,340,354,370,378,382,395,402,409,416,422,431,440,448,,
KoyoriMadScientist,280,388,482,571,674,796,1008,1127,1264,1335,1514,1606,1734,1846,1970,2063,2313,2411,2514,2598
IrohaHit,276,373,409,458,506,539,596,624,644,649,687,702,724,730,737,747,755,761,776,787
AyameApproach,274,288,306,317,321,334,338,343,349,353,357,361,367,372,382,387,392,400,403,409
MioPat,274,297,309,318,325,334,351,360,373,374,376,383,388,389,393,397,407,410,412,418
SuiseiTSlam,271,283,294,303,318,335,339,342,345,345,351,359,359,366,367,381,383,384,386,388
FubukiDance2,271,277,279,280,282,282,285,289,293,295,301,303,306,309,309,311,311,316,321,323
GuraWTF,271,279,302,313,325,331,335,341,348,348,356,362,365,367,372,386,389,394,401,405
OllieHeadbangFast,271,277,284,298,305,312,316,323,329,330,332,334,337,340,349,355,359,359,361,362
HaatoFukireta,270,273,275,277,278,283,287,289,289,292,295,297,298,298,301,301,304,305,308,312
AyameFukireta,269,275,283,288,289,297,300,302,304,305,309,310,313,316,319,321,322,326,327,329
AquaDance,264,273,282,284,286,289,291,293,295,295,299,301,304,305,306,308,309,310,312,312
ShienSmile,262,278,296,303,325,331,344,353,366,368,374,374,383,384,390,393,394,397,428,534
AZKiFukireta,261,271,280,290,293,305,306,309,311,312,317,318,320,320,327,336,337,340,342,344
FlareFukireta,258,264,279,281,281,285,287,296,296,298,299,300,301,301,305,306,308,312,313,314
MumeiJam,258,284,308,320,334,344,361,375,386,390,399,412,415,419,422,424,426,428,433,438
SoraFukireta,252,256,266,277,280,286,289,292,294,295,299,303,307,308,311,316,318,319,323,325
MioPuke,248,276,319,355,392,435,465,491,529,536,553,576,604,625,653,665,674,689,704,728
BotanSleep,242,251,255,258,260,264,267,271,275,276,281,291,296,297,301,305,307,310,310,314
ChloeLoading,237,391,526,583,605,653,698,725,746,755,780,817,850,864,886,918,938,969,999,1016
KoroneHeadbang,236,242,251,256,258,262,263,267,267,271,275,277,280,281,283,290,293,297,311,319
MarineFukireta,234,237,241,242,245,252,254,263,268,269,271,274,276,277,278,282,284,287,288,295
OkayuSpin,233,243,251,256,271,288,292,296,306,306,310,311,311,314,319,324,327,330,331,332
AloeSleep,233,243,247,253,258,263,270,277,285,287,290,295,298,301,307,308,312,313,313,324
MikoFukireta,232,236,243,247,248,251,254,257,259,261,264,266,267,267,270,271,271,273,276,278
KoronePeekSmile,229,241,252,259,270,275,281,291,293,293,296,300,303,313,315,317,324,325,331,338
Shion360,227,232,235,238,243,245,247,248,250,250,252,252,254,255,258,258,261,263,264,265
MumeiThisIsFine,224,313,350,393,437,471,501,538,570,577,602,618,640,652,666,681,694,703,712,740
NoelPeace,216,222,226,229,234,237,241,247,252,252,256,257,260,261,263,267,269,270,271,275
AZKi,215,224,237,243,246,255,265,269,280,287,290,296,300,305,308,313,322,327,,
FubukiFukireta,212,216,221,224,226,238,241,245,249,251,252,257,262,262,265,267,268,270,272,273
ArtiaHeadpat2,210,211,221,232,263,278,283,291,294,300,304,308,310,315,316,319,320,320,326,333
HaatoSmash,209,210,213,214,223,224,227,234,239,243,244,251,254,262,263,265,269,273,274,277
ChocoFukireta,207,214,223,226,228,235,238,239,247,249,250,252,252,255,258,260,260,263,264,265
IofiFukireta,203,207,212,212,217,222,226,233,237,239,243,247,248,252,254,258,259,261,263,264
AchanBlink,203,242,284,322,338,366,408,439,457,462,476,491,503,516,545,576,610,647,680,714
MelFukireta,194,197,201,207,208,215,219,222,224,228,231,235,238,246,251,257,260,262,262,264
OkayuSleep,193,197,201,202,209,213,215,218,221,221,223,223,224,225,228,228,230,232,232,236
RobocoFukireta,193,197,201,206,209,217,219,220,225,228,229,231,232,232,235,236,236,238,240,243
AmePop,193,209,218,230,232,238,246,263,287,288,291,294,295,299,313,320,331,352,367,375
RisuHeadpat,192,206,216,232,235,245,250,259,270,272,274,275,279,281,283,285,285,286,287,291
ShionFukireta,192,194,199,201,203,209,211,212,215,216,217,219,220,221,224,225,225,227,227,229
PolkaSleep,186,196,199,205,209,215,219,221,224,224,230,232,233,236,240,241,241,242,244,245
KoroneSway,176,179,183,185,189,193,196,200,207,207,209,209,210,211,211,213,215,218,220,228
MatsuriFukireta,173,176,178,182,183,186,191,193,196,197,199,201,203,203,205,206,206,209,209,211
EchoEarWiggle,173,176,177,185,209,218,219,223,225,225,227,228,229,230,231,232,233,233,236,237
AquaRunReverse,170,175,177,184,188,192,200,205,208,208,212,212,214,219,220,224,230,232,236,239
MioExcited,170,181,186,190,190,194,198,206,208,210,211,215,215,216,219,221,221,222,225,225
MarineLike,169,173,177,181,185,187,190,192,194,195,195,196,196,201,203,204,205,205,207,209
AkiFukireta,169,173,182,186,189,194,195,205,206,208,209,215,216,217,219,220,220,223,226,228
NoelFukireta,166,170,174,179,180,185,189,190,191,192,196,197,199,200,201,202,202,204,206,206
RisuFukireta,158,164,168,171,176,184,191,195,196,201,202,203,209,209,214,217,220,224,227,232
KoroneAngry,154,160,163,169,172,177,179,184,185,186,187,189,192,194,199,202,205,211,215,217
AyameWinkA,150,154,158,161,162,169,170,175,177,177,180,182,184,185,186,187,187,190,190,191
InaDraws,147,152,166,184,226,269,279,295,301,314,317,320,327,333,340,343,346,347,347,349
RisuSway,145,152,154,162,169,173,179,183,191,195,201,203,210,214,222,226,230,231,232,235
Temma,144,153,,,,,,,,,,,,,,,,,,
HaatoSpin,136,142,144,145,148,148,149,153,155,157,160,164,164,167,167,168,169,170,172,175
InaTentacleBonk,136,146,153,162,166,183,194,203,207,207,209,209,212,219,226,230,232,232,238,241
RushiaSway,134,139,147,152,154,154,155,157,159,159,162,162,164,164,165,166,166,168,168,169
ChloeShy,123,138,160,179,193,217,236,243,255,264,282,294,302,313,318,325,335,341,353,361
MioSeiso,120,148,200,216,225,236,248,263,265,266,273,280,288,291,293,295,296,298,300,306
HaatoVibrate,119,121,121,121,124,127,131,134,134,135,136,137,138,138,141,142,143,144,145,146
Artiachonk,118,119,124,129,134,136,149,159,163,166,167,172,189,198,205,209,219,241,248,256
Kaorip,117,119,121,122,125,127,132,134,137,137,142,142,146,146,147,147,148,148,152,152
FubukiDance3,114,123,128,129,132,134,136,139,144,145,146,147,149,151,151,153,153,154,154,157
NeneSleep,114,118,123,125,126,127,128,130,131,131,139,141,143,143,145,146,146,147,147,148
IofiSway,111,113,116,118,123,124,125,128,130,132,135,136,140,143,146,149,149,150,150,151
AquaMad,111,111,117,118,127,133,143,147,149,152,155,157,160,163,167,172,177,180,182,183
OllieHeadbang,111,116,120,122,127,129,133,138,142,144,144,147,151,151,158,159,160,161,163,164
LamySleep,108,116,122,124,128,134,140,143,145,145,148,149,149,150,150,152,153,153,154,154
RushiaBlink,108,122,136,141,160,169,170,174,175,176,176,181,181,183,184,190,195,200,201,201
WatameCrazy,101,101,103,105,108,111,113,113,116,116,119,120,121,121,122,123,124,126,127,129
RushiaTakoBounce,100,100,105,106,108,111,113,116,118,118,120,120,121,121,122,123,124,124,125,126
SuiseiSmash,99,102,108,111,117,121,122,124,126,128,130,136,136,142,145,157,157,160,161,162
MioPeekAnim,98,100,101,101,104,106,109,111,120,121,221,277,285,285,291,295,295,300,303,309
AquaRevolverOcelot,86,95,101,109,131,138,139,144,145,145,149,151,157,161,166,170,181,190,192,211
MumeiWink,86,97,103,107,110,113,118,123,132,134,138,139,142,144,145,146,147,147,148,150
RobocoDance,76,78,79,79,82,83,84,85,86,89,91,96,96,97,99,99,100,100,101,102
MioAngry,36,41,43,48,49,55,59,62,65,65,70,72,72,75,78,80,80,83,85,86
ArtiaSway,31,31,32,34,34,35,35,38,38,40,40,42,42,44,44,46,47,48,52,53
IofifteenEmbarrassed,17,22,22,26,27,29,29,31,32,34,35,38,38,43,44,46,46,48,48,50
LaplusHnng,,1267,2409,3697,4345,5065,6365,7183,7832,8038,8608,9033,9417,9849,10455,10815,11177,11517,11983,12392
InaFacepalm,,238,,591,711,847,978,1058,1188,1248,1328,1418,1581,1820,1987,2136,2241,2337,2414,2495
PolkaNotAmused,,219,327,436,509,591,751,771,823,842,878,912,934,957,991,1020,1031,1043,1058,1073
KoyoriPout,,60,160,247,360,458,531,605,682,717,751,777,828,862,899,944,985,1026,1051,1075
LuiCool,,29,310,663,1029,1271,1774,2137,2385,2432,2539,2638,2783,2944,3082,3278,3424,3539,3663,3881
BotanWheeze,,,2376,6821,9604,11226,12070,13161,14163,14791,15896,16931,18037,18743,19546,20662,21394,21955,22721,23827
BaelzNeuronActivation,,,465,1576,2537,4209,7594,10700,14601,16506,19528,22346,25151,28991,34988,38014,40724,44183,51711,55546
IrohaRingFit,,,123,250,393,508,628,726,797,816,900,978,1096,1276,1372,1459,1509,1536,1570,1610
AruranBreak,,,67,110,141,168,220,254,285,294,312,324,343,353,368,382,389,399,420,436
TemmaSpooked,,,61,107,130,142,149,169,181,182,184,186,188,188,192,,,,,
RisuPeek,,,,134,343,551,726,768,834,854,912,954,991,1003,1023,1039,1057,1080,1115,1133
FaunaBliss,,,,105,196,287,406,521,579,594,623,655,685,721,777,834,873,916,962,1052
MoonaRun,,,,93,226,391,525,663,776,802,859,907,979,1069,1150,1226,1278,1339,1453,1552
InaNotAmused,,,,42,173,215,272,324,351,367,383,394,412,433,444,475,486,505,,
AnyaSmug,,,,24,142,212,318,387,499,527,577,627,658,709,762,804,849,898,959,1024
IofiIdea,,,,11,24,34,37,39,42,42,,,,,,,,,,
MumeiDizzy,,,,,243,440,630,793,997,1062,1142,1211,1300,1360,1420,1500,1568,1723,1850,1935
UyuYeah,,,,,,132,215,293,362,381,422,452,493,527,594,616,631,661,680,711
AstelMad,,,,,,98,140,178,211,223,237,248,260,271,282,298,308,326,332,351
AmeliaBonk,,,,,,21,53,71,82,86,97,106,115,123,135,142,144,162,173,177
KoyoriWao,,,,,,,4405,5273,6244,6776,7682,8852,10607,11956,14144,16776,20450,24023,30332,37485
KoboPat,,,,,,,,297,565,741,793,903,1028,1236,1359,1442,1492,1572,1711,1884
KaelaGG,,,,,,,,99,344,427,598,679,781,945,1084,1227,1331,1440,1576,1906
BazoTwerk,,,,,,,,87,151,187,283,343,373,421,488,511,527,541,559,592
ZetaWow,,,,,,,,85,249,289,373,442,508,629,724,843,937,1009,1055,1110
RioWow,,,,,,,,73,176,197,240,314,370,394,419,446,467,491,524,546
OgaFumoNotActuallyFumo,,,,,,,,49,81,122,148,175,235,262,333,350,370,398,420,443
KaelaWavyYay,,,,,,,,31,129,165,210,255,297,333,376,403,432,449,496,569
FumaSmile,,,,,,,,20,46,54,79,95,109,115,144,169,178,190,202,208
MagniGasp,,,,,,,,,599,695,823,966,1203,1376,1490,1581,1677,1781,1852,1928
FaunaNod,,,,,,,,,,421,1600,2947,4358,5501,6507,7446,8086,8830,9687,10811
GammaStare,,,,,,,,,,,562,1242,1839,2174,2733,3132,3410,3634,3882,4016
BaelzShake,,,,,,,,,,,117,461,656,721,789,837,872,898,958,1042
AxelDent,,,,,,,,,,,70,235,430,593,864,983,1145,1273,1466,1588
BettelFML,,,,,,,,,,,,,,2071,5268,10408,13451,16546,22648,31496
NodokaThink,,,,,,,,,,,,,,98,1495,2428,3028,3620,4292,4812
NodokaShock,,,,,,,,,,,,,,69,481,701,749,781,804,847
ZetaCat,,,,,,,,,,,,,,,,52,454,713,854,1021
CavalierHeadbang,,,,,,,,,,,,,,,,,29,54,55,59
FuwaMoco,,,,,,,,,,,,,,,,,,,,1051
BijouCheekrub,,,,,,,,,,,,,,,,,,,,816
ShioriNote,,,,,,,,,,,,,,,,,,,,625
MococoBauBau,,,,,,,,,,,,,,,,,,,,594
NerissaCheer,,,,,,,,,,,,,,,,,,,,384
FuwawaPanic,,,,,,,,,,,,,,,,,,,,119
